{
  "score": 0.32809644,
  "conf_mean": 0.489349,
  "conf_p10": 0.383486,
  "zero_silence_frac": 0.095238,
  "short_frac": 0.007937,
  "drift_p95": 19290.535,
  "spike_p95": 3937.588,
  "original_K": 145,
  "filtered_K": 126,
  "meets_best_case_targets": false
}
