{
  "score": 0.32341601,
  "conf_mean": 0.489196,
  "conf_p10": 0.395914,
  "zero_silence_frac": 0.079365,
  "short_frac": 0.007937,
  "drift_p95": 30347.433,
  "spike_p95": 4081.632,
  "original_K": 145,
  "filtered_K": 126,
  "meets_best_case_targets": false
}
