idx,sentenceId,text,start_ms_trimmed,end_ms_trimmed,duration_ms,exp_end_ms,obs_end_ms,drift_ms,drift_jump_ms,silence_width_ms,rms_db_at_end,contrast_db,confidence,weight
0,P0001_L0001_S0001,s1,0.0,1168.0,1168.0,612.4,1168.0,555.6,555.6,464.0,-88.5194,0.7696,0.467299,1.0
1,P0001_L0001_S0002,s2,1168.0,2800.0,1632.0,1837.2,2800.0,962.8,407.2,464.0,-88.6583,12.869,0.564281,2.0
2,P0001_L0001_S0003,s3,2800.0,4656.0,1856.0,3674.4,4656.0,981.6,18.8,464.0,-88.8499,9.4915,0.53853,3.0
3,P0001_L0001_S0004,s4,4656.0,6704.0,2048.0,6124.0,6704.0,580.0,-401.6,480.0,-89.0122,10.5155,0.630538,4.0
4,P0001_L0001_S0005,s5,6704.0,9186.0,2482.0,9186.0,9186.0,0.0,-580.0,400.0,-120.0,2.6845,0.306504,5.0
