idx,sentenceId,start_ms_trimmed,end_ms_trimmed,duration_ms,weight,confidence,text
0,P0001_L0001_S0001,0.0,1168.0,1168.0,1.0,0.467299,s1
1,P0001_L0001_S0002,1168.0,2800.0,1632.0,2.0,0.564281,s2
2,P0001_L0001_S0003,2800.0,4656.0,1856.0,3.0,0.53853,s3
3,P0001_L0001_S0004,4656.0,6704.0,2048.0,4.0,0.630538,s4
4,P0001_L0001_S0005,6704.0,9186.0,2482.0,5.0,0.306504,s5
