idx,original_idx,sentenceId,text,start_ms_trimmed,end_ms_trimmed,duration_ms,exp_end_ms,obs_end_ms,drift_ms,drift_jump_ms,silence_width_ms,rms_db_at_end,contrast_db,confidence,weight
0,0,P0001_L0001_S0001,ॐ गणपतये नमः।,0.0,1008.0,1008.0,617.875,1008.0,390.125,390.125,368.0,-65.9511,7.976,0.54578,1.0
1,2,P0001_L0001_S0003,देवाय नमः॥,1008.0,2448.0,1440.0,2471.5,2448.0,-23.5,-413.625,352.0,-66.1216,14.1075,0.492626,3.0
2,4,P0001_L0001_S0005,अग्निमीळे पुरोहितम्।,2448.0,5360.0,2912.0,5560.875,5360.0,-200.875,-177.375,368.0,-66.6288,6.8727,0.54451,5.0
3,6,P0001_L0001_S0007,त्वमेव प्रत्यक्षं तत्त्वमसि॥,5360.0,9886.0,4526.0,9886.0,9886.0,0.0,200.875,288.0,-112.1931,36.9525,0.417596,7.0
